journal_id,journal_number,journal_date,journal_line_id,account_id,account_code,account_name,account_type,description,net_amount,tax_amount,gross_amount,tracking_name_1,tracking_option_1,tracking_name_2,tracking_option_2
b25e970e-fadf-4a41-80e5-502c57d08bea,345,/Date(1729209600000+0000)/,52b6e8bd-badc-45f2-add9-bac0f180a41e,8e9c5166-d3fe-4e21-827a-f42753568e80,800,Accounts Payable,CURRLIAB,,-6661.6,0.0,-6661.6,,,,
b25e970e-fadf-4a41-80e5-502c57d08bea,345,/Date(1729209600000+0000)/,eb84a869-fd84-4ab9-bb48-5b82268e903a,6db51cfa-0326-4e63-a743-c78c4d99aba4,412,Consulting & Accounting,EXPENSE,Half day training - Microsoft Office,1800.0,180.0,1980.0,,,,
b25e970e-fadf-4a41-80e5-502c57d08bea,345,/Date(1729209600000+0000)/,ed437cbe-6f9b-4936-bcd1-af77b38d4a93,8ab9d684-f897-4168-b5d1-2279bf74bb82,453,Office Expenses,EXPENSE,Desktop/network support via email & phone. Per month fixed fee for minimum 20 hours/month.,4000.0,400.0,4400.0,,,,
b25e970e-fadf-4a41-80e5-502c57d08bea,345,/Date(1729209600000+0000)/,a43c0da5-0a96-428c-a90d-73f81f3ef53c,66e60a82-99d8-47d1-956b-5baea404acba,820,GST,CURRLIAB,,605.6,0.0,605.6,,,,
b25e970e-fadf-4a41-80e5-502c57d08bea,345,/Date(1729209600000+0000)/,09770aae-0c95-4739-9cda-2ae5ad5eb31a,b18eaea6-4d11-462c-ac30-7975108b5859,461,Printing & Stationery,EXPENSE,Stationery charges,256.0,25.6,281.6,,,,
54398d4e-0447-411a-9559-3248a6b98697,346,/Date(1731888000000+0000)/,16942dd1-ec08-4300-bd92-796a1652de72,3dd5c80d-e109-4313-8c61-41648e33704f,610,Accounts Receivable,CURRENT,,4620.0,0.0,4620.0,,,,
54398d4e-0447-411a-9559-3248a6b98697,346,/Date(1731888000000+0000)/,c5d87328-ee01-41d4-8eb7-e8c75fc9756f,e2bacdc6-2006-43c2-a5da-3c0e5f43b452,200,Sales,REVENUE,Project Management - onsite daily rate,-4200.0,-420.0,-4620.0,,,,
54398d4e-0447-411a-9559-3248a6b98697,346,/Date(1731888000000+0000)/,4a516902-c5eb-4bc2-8636-bd736e9e4a2d,66e60a82-99d8-47d1-956b-5baea404acba,820,GST,CURRLIAB,,-420.0,0.0,-420.0,,,,
68b86ed5-6e1a-496e-8389-9adb8e6b1ab8,347,/Date(1731888000000+0000)/,353b780b-b277-4f74-a8b8-a61e9bb66c7e,13918178-849a-4823-9a31-57b7eac713d7,090,Business Bank Account,BANK,,-6661.6,0.0,-6661.6,,,,
68b86ed5-6e1a-496e-8389-9adb8e6b1ab8,347,/Date(1731888000000+0000)/,ee10ac18-20bd-46dd-ac39-735ba3611e6f,8e9c5166-d3fe-4e21-827a-f42753568e80,800,Accounts Payable,CURRLIAB,,6661.6,0.0,6661.6,,,,
7c718dc2-c6ab-4daf-957e-4c7b4ae27aae,348,/Date(1734566400000+0000)/,85adf614-7f61-4754-b46a-a76d5f87b681,8ab9d684-f897-4168-b5d1-2279bf74bb82,453,Office Expenses,EXPENSE,"Desktop/network support via email & phone.
Per month fixed fee for minimum 20 hours/month.",4000.0,400.0,4400.0,,,,
7c718dc2-c6ab-4daf-957e-4c7b4ae27aae,348,/Date(1734566400000+0000)/,cf5c0fbc-4272-46b5-946f-096d6de196a5,b18eaea6-4d11-462c-ac30-7975108b5859,461,Printing & Stationery,EXPENSE,Stationery charges,256.0,25.6,281.6,,,,
7c718dc2-c6ab-4daf-957e-4c7b4ae27aae,348,/Date(1734566400000+0000)/,798e21e8-fafb-4b71-aa16-659b9ac55d2b,6db51cfa-0326-4e63-a743-c78c4d99aba4,412,Consulting & Accounting,EXPENSE,Half day training - Microsoft Office,1800.0,180.0,1980.0,,,,
7c718dc2-c6ab-4daf-957e-4c7b4ae27aae,348,/Date(1734566400000+0000)/,a4447ca2-2ccf-45fc-91c9-d6cae6e32d88,8e9c5166-d3fe-4e21-827a-f42753568e80,800,Accounts Payable,CURRLIAB,,-6661.6,0.0,-6661.6,,,,
7c718dc2-c6ab-4daf-957e-4c7b4ae27aae,348,/Date(1734566400000+0000)/,ba03a70c-86da-4873-99d2-58ebffb9daff,66e60a82-99d8-47d1-956b-5baea404acba,820,GST,CURRLIAB,,605.6,0.0,605.6,,,,
d8bcd0ad-7e69-4acc-8504-2aa7c222eee4,349,/Date(1734566400000+0000)/,7498fadf-b7b1-40ad-aedb-b8dd9288547a,13918178-849a-4823-9a31-57b7eac713d7,090,Business Bank Account,BANK,,-6661.6,0.0,-6661.6,,,,
d8bcd0ad-7e69-4acc-8504-2aa7c222eee4,349,/Date(1734566400000+0000)/,e52f8efb-e71a-4691-acd8-ff6cd660f66a,8e9c5166-d3fe-4e21-827a-f42753568e80,800,Accounts Payable,CURRLIAB,,6661.6,0.0,6661.6,,,,
a6c41218-266b-4ba1-82c5-712fa165c165,350,/Date(1734566400000+0000)/,f8229f2d-348d-44cc-87be-84d0daba20ee,13918178-849a-4823-9a31-57b7eac713d7,090,Business Bank Account,BANK,,6661.6,0.0,6661.6,,,,
a6c41218-266b-4ba1-82c5-712fa165c165,350,/Date(1734566400000+0000)/,fdf19c2b-e016-4855-bd96-7c0c68c0308d,8e9c5166-d3fe-4e21-827a-f42753568e80,800,Accounts Payable,CURRLIAB,,-6661.6,0.0,-6661.6,,,,
e9222d0a-e070-4881-ad8b-180d699052e5,351,/Date(1737158400000+0000)/,b56577cb-16ba-4d5f-94cc-ae217018a4aa,3dd5c80d-e109-4313-8c61-41648e33704f,610,Accounts Receivable,CURRENT,,-4620.0,0.0,-4620.0,,,,
e9222d0a-e070-4881-ad8b-180d699052e5,351,/Date(1737158400000+0000)/,02ff3b51-76fb-46a4-b2e1-edb66042c952,13918178-849a-4823-9a31-57b7eac713d7,090,Business Bank Account,BANK,,4620.0,0.0,4620.0,,,,
97c8ef10-dd9e-4fd6-8da3-736e4d767390,352,/Date(1737158400000+0000)/,93f105e8-f772-4860-9b12-b1eb5c1bd5a6,13918178-849a-4823-9a31-57b7eac713d7,090,Business Bank Account,BANK,,-6661.6,0.0,-6661.6,,,,
97c8ef10-dd9e-4fd6-8da3-736e4d767390,352,/Date(1737158400000+0000)/,6ff7d502-69ba-41ac-8959-463ecad6f7b2,8e9c5166-d3fe-4e21-827a-f42753568e80,800,Accounts Payable,CURRLIAB,,6661.6,0.0,6661.6,,,,
4f7b86f7-9738-4ab1-8b57-0e95044ced40,353,/Date(1760745600000+0000)/,a683d274-a967-4482-9d38-70367bf55af0,13918178-849a-4823-9a31-57b7eac713d7,090,Business Bank Account,BANK,,4130.98,0.0,4130.98,,,,
4f7b86f7-9738-4ab1-8b57-0e95044ced40,353,/Date(1760745600000+0000)/,8431e5d1-0b5a-40a3-8ac2-6f9a34e281fc,26028d3a-f981-44d6-a9ed-a522198870f8,091,Business Savings Account,BANK,,15081.23,0.0,15081.23,,,,
4f7b86f7-9738-4ab1-8b57-0e95044ced40,353,/Date(1760745600000+0000)/,0b3b485f-83c8-4738-b46d-88050b4a8920,305b05b3-01f3-4f47-a45d-edfa66ea03e7,840,Historical Adjustment,CURRLIAB,,-19212.21,0.0,-19212.21,,,,
15abacf0-2ea4-4a07-a313-2dcf0436063a,354,/Date(1760745600000+0000)/,c5c009c3-f7d1-4d16-9d17-40d28b111bd3,13918178-849a-4823-9a31-57b7eac713d7,090,Business Bank Account,BANK,,4130.98,0.0,4130.98,,,,
15abacf0-2ea4-4a07-a313-2dcf0436063a,354,/Date(1760745600000+0000)/,2b6a6f76-7331-4427-9e14-6768c45e5cc0,305b05b3-01f3-4f47-a45d-edfa66ea03e7,840,Historical Adjustment,CURRLIAB,,-4130.98,0.0,-4130.98,,,,
9ca46a99-8194-4f14-bdb8-539f84eef46b,355,/Date(1760745600000+0000)/,15072bc0-3c10-4c24-b2cd-5087c1979ce6,13918178-849a-4823-9a31-57b7eac713d7,090,Business Bank Account,BANK,,-4130.98,0.0,-4130.98,,,,
9ca46a99-8194-4f14-bdb8-539f84eef46b,355,/Date(1760745600000+0000)/,01cd8fa8-d1f8-4eeb-b901-75700e5c0033,305b05b3-01f3-4f47-a45d-edfa66ea03e7,840,Historical Adjustment,CURRLIAB,,4130.98,0.0,4130.98,,,,
0e547887-26e3-486d-982c-f2a7eef2d2a7,356,/Date(1760745600000+0000)/,c218400e-ad64-4ae8-bb63-afaa13a1dac2,2d69b4ee-37d4-4f67-b950-32cbdd5765ed,710,Office Equipment,FIXED,,-250.0,-25.0,-275.0,,,,
0e547887-26e3-486d-982c-f2a7eef2d2a7,356,/Date(1760745600000+0000)/,24e2f27d-c240-4236-98ac-ba0d41cf64b2,66e60a82-99d8-47d1-956b-5baea404acba,820,GST,CURRLIAB,,-25.0,0.0,-25.0,,,,
0e547887-26e3-486d-982c-f2a7eef2d2a7,356,/Date(1760745600000+0000)/,45f8296f-69e5-41fd-a689-4faf286d21a8,24d010bf-5e4b-42dd-9aa3-a5484dd0686f,711,Less Accumulated Depreciation on Office Equipment,FIXED,,275.0,0.0,275.0,,,,
a20f9d32-46fb-4f6f-bb72-fefe043743fa,357,/Date(1760745600000+0000)/,5ce17b7a-b8b7-4877-9899-0ad8f853b369,2d69b4ee-37d4-4f67-b950-32cbdd5765ed,710,Office Equipment,FIXED,,250.0,25.0,275.0,,,,
a20f9d32-46fb-4f6f-bb72-fefe043743fa,357,/Date(1760745600000+0000)/,aa0b4dc6-3e39-4777-8b9e-202412fbf681,66e60a82-99d8-47d1-956b-5baea404acba,820,GST,CURRLIAB,,25.0,0.0,25.0,,,,
a20f9d32-46fb-4f6f-bb72-fefe043743fa,357,/Date(1760745600000+0000)/,5f9bab2e-b296-4d73-9e86-42eec81c6d67,24d010bf-5e4b-42dd-9aa3-a5484dd0686f,711,Less Accumulated Depreciation on Office Equipment,FIXED,,-275.0,0.0,-275.0,,,,
73083413-491c-4339-ad23-421e284cf165,358,/Date(1760832000000+0000)/,52dd2570-4e57-4ae1-9b58-88bd1b144cc7,e2bacdc6-2006-43c2-a5da-3c0e5f43b452,200,Sales,REVENUE,,-500.0,-50.0,-550.0,,,,
73083413-491c-4339-ad23-421e284cf165,358,/Date(1760832000000+0000)/,8b137d60-4414-46f6-bcf3-929f6642786a,3dd5c80d-e109-4313-8c61-41648e33704f,610,Accounts Receivable,CURRENT,,550.0,0.0,550.0,,,,
73083413-491c-4339-ad23-421e284cf165,358,/Date(1760832000000+0000)/,cdcfbcec-d530-47a2-90b2-0966092e0afd,66e60a82-99d8-47d1-956b-5baea404acba,820,GST,CURRLIAB,,-50.0,0.0,-50.0,,,,
808bc454-2305-4542-bcb2-7e3ac3ca8544,359,/Date(1760832000000+0000)/,9da7bb7d-60c3-4ffc-912b-e66d9d2295e3,66e60a82-99d8-47d1-956b-5baea404acba,820,GST,CURRLIAB,,13.5,0.0,13.5,,,,
808bc454-2305-4542-bcb2-7e3ac3ca8544,359,/Date(1760832000000+0000)/,967ff4eb-3116-4687-add3-3bbfa63ec09b,005f380d-4a9c-497f-b9d7-817f0f02790e,449,Motor Vehicle Expenses,EXPENSE,,135.0,13.5,148.5,,,,
808bc454-2305-4542-bcb2-7e3ac3ca8544,359,/Date(1760832000000+0000)/,31fbdc4a-0aae-4496-8963-21f4061d9323,8e9c5166-d3fe-4e21-827a-f42753568e80,800,Accounts Payable,CURRLIAB,,-148.5,0.0,-148.5,,,,
a5386574-794a-48f0-b7a1-bfe3e007790d,360,/Date(1760832000000+0000)/,1c6f7b27-45e1-4570-a5e0-595ebf435e6d,e2bacdc6-2006-43c2-a5da-3c0e5f43b452,200,Sales,REVENUE,,-500.0,-50.0,-550.0,,,,
a5386574-794a-48f0-b7a1-bfe3e007790d,360,/Date(1760832000000+0000)/,d50510f3-201d-4224-a5a2-03939fdb153a,3dd5c80d-e109-4313-8c61-41648e33704f,610,Accounts Receivable,CURRENT,,550.0,0.0,550.0,,,,
a5386574-794a-48f0-b7a1-bfe3e007790d,360,/Date(1760832000000+0000)/,f6363f5a-c712-4fca-8fb3-ee5161123fce,66e60a82-99d8-47d1-956b-5baea404acba,820,GST,CURRLIAB,,-50.0,0.0,-50.0,,,,
be560ac9-c580-493f-92ef-d42918baa9bf,361,/Date(1760832000000+0000)/,740e6065-5903-408c-adca-90119112f10e,e2bacdc6-2006-43c2-a5da-3c0e5f43b452,200,Sales,REVENUE,,-500.0,-50.0,-550.0,,,,
be560ac9-c580-493f-92ef-d42918baa9bf,361,/Date(1760832000000+0000)/,f18f70fc-18a5-40c7-9c3a-e5620f8efa35,3dd5c80d-e109-4313-8c61-41648e33704f,610,Accounts Receivable,CURRENT,,550.0,0.0,550.0,,,,
be560ac9-c580-493f-92ef-d42918baa9bf,361,/Date(1760832000000+0000)/,e8b01da5-16be-4543-a946-f0e0ba90cb54,66e60a82-99d8-47d1-956b-5baea404acba,820,GST,CURRLIAB,,-50.0,0.0,-50.0,,,,
cf7a6a50-6d1a-4e06-baea-d5e483c215a8,362,/Date(1760832000000+0000)/,3a76099f-34ba-4bab-9689-39501bb96996,13918178-849a-4823-9a31-57b7eac713d7,090,Business Bank Account,BANK,,-10.5,0.0,-10.5,,,,
cf7a6a50-6d1a-4e06-baea-d5e483c215a8,362,/Date(1760832000000+0000)/,28f78473-973d-49cf-8952-269fe618ea37,959af5f4-9925-44e8-b283-7ddf4b427238,404,Bank Fees,EXPENSE,,10.5,0.0,10.5,,,,
ac3a0814-4e54-46a9-bd29-d7df2982f3f1,363,/Date(1760832000000+0000)/,e619d0af-2b50-43ca-9342-2e1e485f9ab9,e2bacdc6-2006-43c2-a5da-3c0e5f43b452,200,Sales,REVENUE,,-500.0,-50.0,-550.0,,,,
ac3a0814-4e54-46a9-bd29-d7df2982f3f1,363,/Date(1760832000000+0000)/,f404a96f-7ad1-4d49-a5cf-d80af0db66e8,3dd5c80d-e109-4313-8c61-41648e33704f,610,Accounts Receivable,CURRENT,,550.0,0.0,550.0,,,,
ac3a0814-4e54-46a9-bd29-d7df2982f3f1,363,/Date(1760832000000+0000)/,a743e145-8755-45ce-8a59-031d07b09521,66e60a82-99d8-47d1-956b-5baea404acba,820,GST,CURRLIAB,,-50.0,0.0,-50.0,,,,
cf7ef6fe-6a6c-45e9-a173-fdeb677497a2,364,/Date(1760832000000+0000)/,2d25d206-3fbb-453f-9343-4d3b3c002a82,e2bacdc6-2006-43c2-a5da-3c0e5f43b452,200,Sales,REVENUE,,-500.0,-50.0,-550.0,,,,
cf7ef6fe-6a6c-45e9-a173-fdeb677497a2,364,/Date(1760832000000+0000)/,3248bd61-d177-4fd2-ab61-b8b0ae78fe40,3dd5c80d-e109-4313-8c61-41648e33704f,610,Accounts Receivable,CURRENT,,550.0,0.0,550.0,,,,
cf7ef6fe-6a6c-45e9-a173-fdeb677497a2,364,/Date(1760832000000+0000)/,c809fc2d-812c-45a7-8cb5-f411139696ef,66e60a82-99d8-47d1-956b-5baea404acba,820,GST,CURRLIAB,,-50.0,0.0,-50.0,,,,
9a272a1a-7a7a-44db-8617-887591cd57a6,365,/Date(1760832000000+0000)/,75582e6a-a914-488e-a9e8-50cc53aac1ae,13918178-849a-4823-9a31-57b7eac713d7,090,Business Bank Account,BANK,,10.5,0.0,10.5,,,,
9a272a1a-7a7a-44db-8617-887591cd57a6,365,/Date(1760832000000+0000)/,0cc887ee-dcce-40f2-aec7-8a87203f8303,959af5f4-9925-44e8-b283-7ddf4b427238,404,Bank Fees,EXPENSE,,-10.5,0.0,-10.5,,,,
ab2326cc-ba8e-4a68-9878-37f36bf46be8,366,/Date(1760832000000+0000)/,89fe3a89-b297-4e9d-be7d-88aca7a06aa2,13918178-849a-4823-9a31-57b7eac713d7,090,Business Bank Account,BANK,,-10.5,0.0,-10.5,,,,
ab2326cc-ba8e-4a68-9878-37f36bf46be8,366,/Date(1760832000000+0000)/,f81a5cc2-4186-4f9f-80c7-a85a45a7d7ff,959af5f4-9925-44e8-b283-7ddf4b427238,404,Bank Fees,EXPENSE,,10.5,0.0,10.5,,,,
0eee1395-7814-48fc-8f5c-2e428fa173d3,367,/Date(1760918400000+0000)/,09a48767-6b5d-42de-bed2-942f5cf9beb5,25717024-5b50-4320-93b7-280c0614a613,493,Travel - National,EXPENSE,,199.0,19.9,218.9,,,,
0eee1395-7814-48fc-8f5c-2e428fa173d3,367,/Date(1760918400000+0000)/,43ceef43-de47-48b6-a5dd-6cda25612be6,66e60a82-99d8-47d1-956b-5baea404acba,820,GST,CURRLIAB,,19.9,0.0,19.9,,,,
0eee1395-7814-48fc-8f5c-2e428fa173d3,367,/Date(1760918400000+0000)/,64b7d2a0-148c-42f1-9ac2-9d3cc02a70dd,8e9c5166-d3fe-4e21-827a-f42753568e80,800,Accounts Payable,CURRLIAB,,-218.9,0.0,-218.9,,,,
ce6a5ab4-9c09-4fe5-aa26-e1b165387768,368,/Date(1761004800000+0000)/,bd3f6680-443e-4b05-85eb-22f171a1ae23,13918178-849a-4823-9a31-57b7eac713d7,090,Business Bank Account,BANK,,-218.9,0.0,-218.9,,,,
ce6a5ab4-9c09-4fe5-aa26-e1b165387768,368,/Date(1761004800000+0000)/,71572d67-d132-4fcc-aede-58c26f903453,8e9c5166-d3fe-4e21-827a-f42753568e80,800,Accounts Payable,CURRLIAB,,218.9,0.0,218.9,,,,
6b17b4fa-43b6-4454-bfea-e477e1c2210d,369,/Date(1761004800000+0000)/,22dc68c8-9bed-4f07-98a8-e54a48d5b468,13918178-849a-4823-9a31-57b7eac713d7,090,Business Bank Account,BANK,,218.9,0.0,218.9,,,,
6b17b4fa-43b6-4454-bfea-e477e1c2210d,369,/Date(1761004800000+0000)/,dc34d1ac-fd5d-4a5d-ba32-08e9ea5c3a3e,8e9c5166-d3fe-4e21-827a-f42753568e80,800,Accounts Payable,CURRLIAB,,-218.9,0.0,-218.9,,,,
914f762c-3358-4070-9857-8326f38120d7,370,/Date(1761004800000+0000)/,100797e1-a4fd-4ef5-8d00-12678b76427b,13918178-849a-4823-9a31-57b7eac713d7,090,Business Bank Account,BANK,,-218.9,0.0,-218.9,,,,
914f762c-3358-4070-9857-8326f38120d7,370,/Date(1761004800000+0000)/,c69d3e9c-8c92-4afd-8aa3-5a5cb9720cf8,8e9c5166-d3fe-4e21-827a-f42753568e80,800,Accounts Payable,CURRLIAB,,218.9,0.0,218.9,,,,
04e8f725-b488-45ac-9b82-a5f850944681,371,/Date(1761177600000+0000)/,91dce79f-4994-415b-b6df-bc938ef1c93b,13918178-849a-4823-9a31-57b7eac713d7,090,Business Bank Account,BANK,,-1650.0,0.0,-1650.0,,,,
04e8f725-b488-45ac-9b82-a5f850944681,371,/Date(1761177600000+0000)/,e7c96fe7-2265-460e-8d14-40043e6d7900,66e60a82-99d8-47d1-956b-5baea404acba,820,GST,CURRLIAB,,150.0,0.0,150.0,,,,
04e8f725-b488-45ac-9b82-a5f850944681,371,/Date(1761177600000+0000)/,93ef6109-79a6-490b-837f-4013eb41081c,f5f05ee3-f9cd-4bf9-9423-ed81de96b537,469,Rent,EXPENSE,,1500.0,150.0,1650.0,,,,
07d7beff-4d70-44b2-b8dd-f79f86ebbc12,372,/Date(1761177600000+0000)/,0357d7bf-216d-4510-bf5b-4790724f5f0c,13918178-849a-4823-9a31-57b7eac713d7,090,Business Bank Account,BANK,,-125.9,0.0,-125.9,,,,
07d7beff-4d70-44b2-b8dd-f79f86ebbc12,372,/Date(1761177600000+0000)/,236bfce8-aaad-4338-b0fa-f796476ab418,66e60a82-99d8-47d1-956b-5baea404acba,820,GST,CURRLIAB,,11.45,0.0,11.45,,,,
07d7beff-4d70-44b2-b8dd-f79f86ebbc12,372,/Date(1761177600000+0000)/,99e2764f-6458-4399-9410-dac2010ac4b3,b18eaea6-4d11-462c-ac30-7975108b5859,461,Printing & Stationery,EXPENSE,,114.45,11.45,125.9,,,,
ddc34b0b-9dc1-4a9a-8bc2-3fb7cf48b525,373,/Date(1761177600000+0000)/,7ee96f44-da3d-4540-829c-65f8aa71ddb2,13918178-849a-4823-9a31-57b7eac713d7,090,Business Bank Account,BANK,,1650.0,0.0,1650.0,,,,
ddc34b0b-9dc1-4a9a-8bc2-3fb7cf48b525,373,/Date(1761177600000+0000)/,0f10fdd5-f4a9-4ffc-9807-0894dcabeb53,66e60a82-99d8-47d1-956b-5baea404acba,820,GST,CURRLIAB,,-150.0,0.0,-150.0,,,,
ddc34b0b-9dc1-4a9a-8bc2-3fb7cf48b525,373,/Date(1761177600000+0000)/,322bcd45-f097-4d1b-8f2c-833ab954579b,f5f05ee3-f9cd-4bf9-9423-ed81de96b537,469,Rent,EXPENSE,,-1500.0,-150.0,-1650.0,,,,
89c00281-b62f-4ac4-9e37-381377b16a47,374,/Date(1761177600000+0000)/,f50df49e-cb9d-4501-91cf-a0b2c8e6dcf3,13918178-849a-4823-9a31-57b7eac713d7,090,Business Bank Account,BANK,,125.9,0.0,125.9,,,,
89c00281-b62f-4ac4-9e37-381377b16a47,374,/Date(1761177600000+0000)/,4cb6da57-0d45-423d-9520-868163c45bf6,66e60a82-99d8-47d1-956b-5baea404acba,820,GST,CURRLIAB,,-11.45,0.0,-11.45,,,,
89c00281-b62f-4ac4-9e37-381377b16a47,374,/Date(1761177600000+0000)/,fcb4c016-afe8-442f-98c6-596c312c227e,b18eaea6-4d11-462c-ac30-7975108b5859,461,Printing & Stationery,EXPENSE,,-114.45,-11.45,-125.9,,,,
3f6a0d47-d4a0-4305-9908-9b904df09c04,375,/Date(1761177600000+0000)/,d110d7ea-5591-4baa-a4a5-c7d0830aad37,8ab9d684-f897-4168-b5d1-2279bf74bb82,453,Office Expenses,EXPENSE,,114.45,11.45,125.9,,,,
3f6a0d47-d4a0-4305-9908-9b904df09c04,375,/Date(1761177600000+0000)/,f4a4fdda-b24d-492a-8e42-b0f295f7f2b6,13918178-849a-4823-9a31-57b7eac713d7,090,Business Bank Account,BANK,,-125.9,0.0,-125.9,,,,
3f6a0d47-d4a0-4305-9908-9b904df09c04,375,/Date(1761177600000+0000)/,fc303359-e6bb-46cd-a3ba-fdd35c842606,66e60a82-99d8-47d1-956b-5baea404acba,820,GST,CURRLIAB,,11.45,0.0,11.45,,,,
8791b20f-4cae-4ef0-ba57-bb022939f9cc,376,/Date(1761177600000+0000)/,1dfc4760-a7cf-40af-bb49-b3cafb0faa58,13918178-849a-4823-9a31-57b7eac713d7,090,Business Bank Account,BANK,,-1650.0,0.0,-1650.0,,,,
8791b20f-4cae-4ef0-ba57-bb022939f9cc,376,/Date(1761177600000+0000)/,1cd2630b-7b42-4055-b6af-71e087c29a84,66e60a82-99d8-47d1-956b-5baea404acba,820,GST,CURRLIAB,,150.0,0.0,150.0,,,,
8791b20f-4cae-4ef0-ba57-bb022939f9cc,376,/Date(1761177600000+0000)/,f2b34ef4-ddb4-42b7-96e8-d0fc679eb0ae,f5f05ee3-f9cd-4bf9-9423-ed81de96b537,469,Rent,EXPENSE,,1500.0,150.0,1650.0,,,,
438a070a-691b-4921-abde-6618a89ad35d,377,/Date(1761350400000+0000)/,a4c35a9d-e3ba-4f15-aff2-426512209bbb,8ab9d684-f897-4168-b5d1-2279bf74bb82,453,Office Expenses,EXPENSE,,59.27,5.93,65.2,,,,
438a070a-691b-4921-abde-6618a89ad35d,377,/Date(1761350400000+0000)/,607b475a-3bc8-4499-940f-3abd923158dd,13918178-849a-4823-9a31-57b7eac713d7,090,Business Bank Account,BANK,,-65.2,0.0,-65.2,,,,
438a070a-691b-4921-abde-6618a89ad35d,377,/Date(1761350400000+0000)/,1cf8a7fe-303c-480a-bbd5-863f279ee5dc,66e60a82-99d8-47d1-956b-5baea404acba,820,GST,CURRLIAB,,5.93,0.0,5.93,,,,
a262b19b-bc48-4b79-ae9b-a9874a7c086b,378,/Date(1761350400000+0000)/,24170492-6272-43e0-a193-3f91ad922d3a,e2bacdc6-2006-43c2-a5da-3c0e5f43b452,200,Sales,REVENUE,,-450.0,-45.0,-495.0,,,,
a262b19b-bc48-4b79-ae9b-a9874a7c086b,378,/Date(1761350400000+0000)/,633bd508-5abe-4d32-bb78-c0c808869504,e2bacdc6-2006-43c2-a5da-3c0e5f43b452,200,Sales,REVENUE,,-450.0,-45.0,-495.0,,,,
a262b19b-bc48-4b79-ae9b-a9874a7c086b,378,/Date(1761350400000+0000)/,23259bb8-d87a-47b1-8ff8-fdb560326370,e2bacdc6-2006-43c2-a5da-3c0e5f43b452,200,Sales,REVENUE,,-450.0,-45.0,-495.0,,,,
a262b19b-bc48-4b79-ae9b-a9874a7c086b,378,/Date(1761350400000+0000)/,e71e2749-197e-43ca-bd26-105b0bf62c42,3dd5c80d-e109-4313-8c61-41648e33704f,610,Accounts Receivable,CURRENT,,1485.0,0.0,1485.0,,,,
a262b19b-bc48-4b79-ae9b-a9874a7c086b,378,/Date(1761350400000+0000)/,61e8bb99-91a1-43bc-8323-c4507ffeb662,66e60a82-99d8-47d1-956b-5baea404acba,820,GST,CURRLIAB,,-135.0,0.0,-135.0,,,,
2b01c900-37c5-42ea-8959-f8d6656e6398,379,/Date(1761350400000+0000)/,3fdff14e-181f-4a65-996c-aa3ac90663b4,8ab9d684-f897-4168-b5d1-2279bf74bb82,453,Office Expenses,EXPENSE,,-59.27,-5.93,-65.2,,,,
2b01c900-37c5-42ea-8959-f8d6656e6398,379,/Date(1761350400000+0000)/,76226aca-6787-4b2b-a3f0-80fa1da271cf,13918178-849a-4823-9a31-57b7eac713d7,090,Business Bank Account,BANK,,65.2,0.0,65.2,,,,
2b01c900-37c5-42ea-8959-f8d6656e6398,379,/Date(1761350400000+0000)/,da6da56b-75e9-48b0-ae73-639328aff1ee,66e60a82-99d8-47d1-956b-5baea404acba,820,GST,CURRLIAB,,-5.93,0.0,-5.93,,,,
d7751ec0-3813-4f3c-b078-9cf560e4cde0,380,/Date(1761350400000+0000)/,ea971e07-346b-4964-afdf-9806e5958054,8ab9d684-f897-4168-b5d1-2279bf74bb82,453,Office Expenses,EXPENSE,,59.27,5.93,65.2,,,,
d7751ec0-3813-4f3c-b078-9cf560e4cde0,380,/Date(1761350400000+0000)/,9b470dc7-b9a5-487d-962b-bdbe5a315870,13918178-849a-4823-9a31-57b7eac713d7,090,Business Bank Account,BANK,,-65.2,0.0,-65.2,,,,
d7751ec0-3813-4f3c-b078-9cf560e4cde0,380,/Date(1761350400000+0000)/,aea0d5cc-d84a-4eb4-816b-8a0b3fc05e20,66e60a82-99d8-47d1-956b-5baea404acba,820,GST,CURRLIAB,,5.93,0.0,5.93,,,,
4b0bb856-187d-4ab2-925c-32aa6ccadbb4,381,/Date(1761523200000+0000)/,c8ab5257-85ad-4686-9de0-5708a11f4c31,13918178-849a-4823-9a31-57b7eac713d7,090,Business Bank Account,BANK,,-148.5,0.0,-148.5,,,,
4b0bb856-187d-4ab2-925c-32aa6ccadbb4,381,/Date(1761523200000+0000)/,779932d8-5e8c-482b-a71e-fe1d7097108c,8e9c5166-d3fe-4e21-827a-f42753568e80,800,Accounts Payable,CURRLIAB,,148.5,0.0,148.5,,,,
09a4e1aa-01c4-4d7d-a160-46e9e6424018,382,/Date(1761523200000+0000)/,cd5483d9-3c9e-4be4-804e-096624215034,13918178-849a-4823-9a31-57b7eac713d7,090,Business Bank Account,BANK,,148.5,0.0,148.5,,,,
09a4e1aa-01c4-4d7d-a160-46e9e6424018,382,/Date(1761523200000+0000)/,f748a8ab-99ee-4562-97f9-a4bffa1b7130,8e9c5166-d3fe-4e21-827a-f42753568e80,800,Accounts Payable,CURRLIAB,,-148.5,0.0,-148.5,,,,
9c0756a5-bc05-42eb-84bb-191431f767fc,383,/Date(1761523200000+0000)/,a2c96e1f-d0bf-4d25-867c-0c469cc20877,13918178-849a-4823-9a31-57b7eac713d7,090,Business Bank Account,BANK,,-148.5,0.0,-148.5,,,,
9c0756a5-bc05-42eb-84bb-191431f767fc,383,/Date(1761523200000+0000)/,2e33472a-977a-4dc0-8fe7-c66989143b09,8e9c5166-d3fe-4e21-827a-f42753568e80,800,Accounts Payable,CURRLIAB,,148.5,0.0,148.5,,,,
714f1861-e931-4511-ba28-45e65a8ddacc,384,/Date(1761609600000+0000)/,67b69dc2-93fb-435f-bf7e-8afa0fc6bedf,e2bacdc6-2006-43c2-a5da-3c0e5f43b452,200,Sales,REVENUE,,-1000.0,-100.0,-1100.0,,,,
714f1861-e931-4511-ba28-45e65a8ddacc,384,/Date(1761609600000+0000)/,2d4fcd7d-d87f-4cc8-89d7-5fd2140108bb,3dd5c80d-e109-4313-8c61-41648e33704f,610,Accounts Receivable,CURRENT,,1100.0,0.0,1100.0,,,,
714f1861-e931-4511-ba28-45e65a8ddacc,384,/Date(1761609600000+0000)/,2534d943-8a37-48af-a63b-97f3e1fdbe9a,66e60a82-99d8-47d1-956b-5baea404acba,820,GST,CURRLIAB,,-100.0,0.0,-100.0,,,,
11d5f77e-79c0-4ae4-babd-46fb33b750d8,385,/Date(1761609600000+0000)/,30eb864a-edf3-4330-8059-a43f170abc1a,3dd5c80d-e109-4313-8c61-41648e33704f,610,Accounts Receivable,CURRENT,,-550.0,0.0,-550.0,,,,
11d5f77e-79c0-4ae4-babd-46fb33b750d8,385,/Date(1761609600000+0000)/,96ac66bf-c36f-429e-9415-75512c1b5239,13918178-849a-4823-9a31-57b7eac713d7,090,Business Bank Account,BANK,,550.0,0.0,550.0,,,,
0990e2f5-c77f-42a3-8f02-7c8f4846485d,386,/Date(1761609600000+0000)/,e7e5c757-7eb8-4e69-a65c-27a9fa1c4311,e2bacdc6-2006-43c2-a5da-3c0e5f43b452,200,Sales,REVENUE,,500.0,50.0,550.0,,,,
0990e2f5-c77f-42a3-8f02-7c8f4846485d,386,/Date(1761609600000+0000)/,60ebf9fe-3657-49b2-927a-56232a2cc766,3dd5c80d-e109-4313-8c61-41648e33704f,610,Accounts Receivable,CURRENT,,-550.0,0.0,-550.0,,,,
0990e2f5-c77f-42a3-8f02-7c8f4846485d,386,/Date(1761609600000+0000)/,b97a5839-faf8-45a5-9b0e-9b1b317f1b9b,66e60a82-99d8-47d1-956b-5baea404acba,820,GST,CURRLIAB,,50.0,0.0,50.0,,,,
3567d984-aff1-4662-a10e-7d9f323d73ab,387,/Date(1761609600000+0000)/,0083c8a9-9085-415d-a5d3-28a6913c95e4,3dd5c80d-e109-4313-8c61-41648e33704f,610,Accounts Receivable,CURRENT,,-550.0,0.0,-550.0,,,,
3567d984-aff1-4662-a10e-7d9f323d73ab,387,/Date(1761609600000+0000)/,64823077-7e59-40f4-a695-2aea5743e2bb,13918178-849a-4823-9a31-57b7eac713d7,090,Business Bank Account,BANK,,550.0,0.0,550.0,,,,
1db176f3-047f-4532-8b73-9b37bb055d6f,388,/Date(1761609600000+0000)/,13144229-e9df-4ca8-8048-52c69459270c,3dd5c80d-e109-4313-8c61-41648e33704f,610,Accounts Receivable,CURRENT,,-550.0,0.0,-550.0,,,,
1db176f3-047f-4532-8b73-9b37bb055d6f,388,/Date(1761609600000+0000)/,b978b9b9-6618-4e34-99ca-8bbe0d57a568,13918178-849a-4823-9a31-57b7eac713d7,090,Business Bank Account,BANK,,550.0,0.0,550.0,,,,
675aba3c-4e9f-423b-88bf-b6de8e48a670,389,/Date(1761609600000+0000)/,ccb05959-dad5-4d82-8312-a2ba419ca472,13918178-849a-4823-9a31-57b7eac713d7,090,Business Bank Account,BANK,,-11.5,0.0,-11.5,,,,
675aba3c-4e9f-423b-88bf-b6de8e48a670,389,/Date(1761609600000+0000)/,f33b1d58-c06d-4d9f-b19a-8022333adc30,18e27517-81e0-437c-bc21-fbba8e30d6bb,420,Entertainment,EXPENSE,,11.5,0.0,11.5,,,,
b49bdd0e-398d-47ab-bf6e-c722192bed9b,390,/Date(1761609600000+0000)/,ea1c4425-0cd1-4987-9c4f-704541c6a873,3dd5c80d-e109-4313-8c61-41648e33704f,610,Accounts Receivable,CURRENT,,-550.0,0.0,-550.0,,,,
b49bdd0e-398d-47ab-bf6e-c722192bed9b,390,/Date(1761609600000+0000)/,6cf2e9e0-2968-4fe2-b16a-779c54f066a8,3dd5c80d-e109-4313-8c61-41648e33704f,610,Accounts Receivable,CURRENT,,550.0,0.0,550.0,,,,
b49bdd0e-398d-47ab-bf6e-c722192bed9b,390,/Date(1761609600000+0000)/,f1861567-a0de-4c97-a05b-82aa8d0bb723,a94c9633-aeb1-4b13-a96b-7998d887b770,877,Tracking Transfers,CURRLIAB,,-550.0,0.0,-550.0,,,,
b49bdd0e-398d-47ab-bf6e-c722192bed9b,390,/Date(1761609600000+0000)/,c7f560d8-b75d-4e33-9f88-e140ee3fbb71,a94c9633-aeb1-4b13-a96b-7998d887b770,877,Tracking Transfers,CURRLIAB,,550.0,0.0,550.0,,,,
758dd2e4-6bf3-407b-a535-d4b67c7ae2ae,391,/Date(1761609600000+0000)/,87db23ea-5f86-4585-9334-9e742f090ae0,13918178-849a-4823-9a31-57b7eac713d7,090,Business Bank Account,BANK,,550.0,0.0,550.0,,,,
758dd2e4-6bf3-407b-a535-d4b67c7ae2ae,391,/Date(1761609600000+0000)/,512f17a9-ec3f-40f1-a617-e865423686d0,3dd5c80d-e109-4313-8c61-41648e33704f,610,Accounts Receivable,CURRENT,,-550.0,0.0,-550.0,,,,
364196e4-c041-4050-b238-86ef16307b7f,392,/Date(1761609600000+0000)/,2af1311a-7f24-41ac-bef7-e69d88e79438,e2bacdc6-2006-43c2-a5da-3c0e5f43b452,200,Sales,REVENUE,,1000.0,100.0,1100.0,,,,
364196e4-c041-4050-b238-86ef16307b7f,392,/Date(1761609600000+0000)/,55a23342-f746-4593-964d-b6ee57aaa9de,3dd5c80d-e109-4313-8c61-41648e33704f,610,Accounts Receivable,CURRENT,,-1100.0,0.0,-1100.0,,,,
364196e4-c041-4050-b238-86ef16307b7f,392,/Date(1761609600000+0000)/,07d9a830-8067-4b4b-a1f9-dbd98ac217d2,66e60a82-99d8-47d1-956b-5baea404acba,820,GST,CURRLIAB,,100.0,0.0,100.0,,,,
d34373e9-74c1-4c52-9507-50ecb60cc826,393,/Date(1761609600000+0000)/,7f9404f0-07de-418b-8835-228592c1cbd4,e2bacdc6-2006-43c2-a5da-3c0e5f43b452,200,Sales,REVENUE,Project management & implementation - branding workshop with your team,-1000.0,-100.0,-1100.0,,,,
d34373e9-74c1-4c52-9507-50ecb60cc826,393,/Date(1761609600000+0000)/,15652571-34b8-4b2a-abd3-71c7381806bd,3dd5c80d-e109-4313-8c61-41648e33704f,610,Accounts Receivable,CURRENT,,1100.0,0.0,1100.0,,,,
d34373e9-74c1-4c52-9507-50ecb60cc826,393,/Date(1761609600000+0000)/,5e3f8454-43bb-4efd-b382-756738cc0267,66e60a82-99d8-47d1-956b-5baea404acba,820,GST,CURRLIAB,,-100.0,0.0,-100.0,,,,
c63ba65c-61fb-438a-b64d-6c4913db6872,394,/Date(1761609600000+0000)/,45c7b05a-97c1-4a12-bef4-00edf42db252,3dd5c80d-e109-4313-8c61-41648e33704f,610,Accounts Receivable,CURRENT,,550.0,0.0,550.0,,,,
c63ba65c-61fb-438a-b64d-6c4913db6872,394,/Date(1761609600000+0000)/,1fa08fc5-715f-47e3-90a1-bba02273d2b3,13918178-849a-4823-9a31-57b7eac713d7,090,Business Bank Account,BANK,,-550.0,0.0,-550.0,,,,
be94f68e-2d79-4ec5-be50-59c2b4d94e56,395,/Date(1761609600000+0000)/,d60f3051-566b-4ee4-a04e-bb61ece14ffb,3dd5c80d-e109-4313-8c61-41648e33704f,610,Accounts Receivable,CURRENT,,550.0,0.0,550.0,,,,
be94f68e-2d79-4ec5-be50-59c2b4d94e56,395,/Date(1761609600000+0000)/,dc7ac56e-ffff-48d5-834f-646c1075a8e8,13918178-849a-4823-9a31-57b7eac713d7,090,Business Bank Account,BANK,,-550.0,0.0,-550.0,,,,
c53b977c-574f-4c9d-8fcd-d85220391258,396,/Date(1761609600000+0000)/,5815ee00-0f8b-424d-bd0c-7c03113f5986,3dd5c80d-e109-4313-8c61-41648e33704f,610,Accounts Receivable,CURRENT,,550.0,0.0,550.0,,,,
c53b977c-574f-4c9d-8fcd-d85220391258,396,/Date(1761609600000+0000)/,29720486-c24b-455d-98f0-c466e46de7ab,13918178-849a-4823-9a31-57b7eac713d7,090,Business Bank Account,BANK,,-550.0,0.0,-550.0,,,,
cde02310-0feb-4b13-8ae2-9edbd088fcd5,397,/Date(1761609600000+0000)/,d41ab747-7b5c-4ea7-8fec-6be45c0c1b73,3dd5c80d-e109-4313-8c61-41648e33704f,610,Accounts Receivable,CURRENT,,550.0,0.0,550.0,,,,
cde02310-0feb-4b13-8ae2-9edbd088fcd5,397,/Date(1761609600000+0000)/,880fea3f-3c33-4b99-8aba-3070491c31cb,13918178-849a-4823-9a31-57b7eac713d7,090,Business Bank Account,BANK,,-550.0,0.0,-550.0,,,,
bb0ad51a-dee4-44d6-99b4-bb17edd315f2,398,/Date(1761609600000+0000)/,9f88c102-106f-44ab-bae0-d4ed6725e7a9,3dd5c80d-e109-4313-8c61-41648e33704f,610,Accounts Receivable,CURRENT,,-550.0,0.0,-550.0,,,,
bb0ad51a-dee4-44d6-99b4-bb17edd315f2,398,/Date(1761609600000+0000)/,8261f317-4f87-4f45-9c02-979af86c8531,13918178-849a-4823-9a31-57b7eac713d7,090,Business Bank Account,BANK,,550.0,0.0,550.0,,,,
80f63d14-801e-438d-814d-b4363eab41ef,399,/Date(1761609600000+0000)/,d40e5d52-33eb-415e-bd4f-0c90925d5c48,3dd5c80d-e109-4313-8c61-41648e33704f,610,Accounts Receivable,CURRENT,,-550.0,0.0,-550.0,,,,
80f63d14-801e-438d-814d-b4363eab41ef,399,/Date(1761609600000+0000)/,8a6da39a-5c5c-4a7c-bbaa-02145a85f6c3,13918178-849a-4823-9a31-57b7eac713d7,090,Business Bank Account,BANK,,550.0,0.0,550.0,,,,
d2fb7bcd-4fc3-4be1-b80c-9a66e5264bd9,400,/Date(1761609600000+0000)/,830a46ed-a4c5-4798-ac72-d05dede6db5d,3dd5c80d-e109-4313-8c61-41648e33704f,610,Accounts Receivable,CURRENT,,-550.0,0.0,-550.0,,,,
d2fb7bcd-4fc3-4be1-b80c-9a66e5264bd9,400,/Date(1761609600000+0000)/,efcc8695-cc16-4e40-8feb-14ecd94c0df5,13918178-849a-4823-9a31-57b7eac713d7,090,Business Bank Account,BANK,,550.0,0.0,550.0,,,,
b277fc05-1a4a-4415-8849-124a0e9f5679,401,/Date(1761609600000+0000)/,cbaca26c-4a5a-41de-8072-8044cb165852,3dd5c80d-e109-4313-8c61-41648e33704f,610,Accounts Receivable,CURRENT,,-550.0,0.0,-550.0,,,,
b277fc05-1a4a-4415-8849-124a0e9f5679,401,/Date(1761609600000+0000)/,b48b9b38-5140-4245-ab14-156db77c1b85,13918178-849a-4823-9a31-57b7eac713d7,090,Business Bank Account,BANK,,550.0,0.0,550.0,,,,
3c10bdb4-b3a2-4c0c-86bb-5a9ce257b44f,402,/Date(1761955200000+0000)/,21191892-468e-4ffc-a151-443e5d5a9b7b,e2bacdc6-2006-43c2-a5da-3c0e5f43b452,200,Sales,REVENUE,,-250.0,-25.0,-275.0,,,,
3c10bdb4-b3a2-4c0c-86bb-5a9ce257b44f,402,/Date(1761955200000+0000)/,b606296b-7b70-42dc-8249-0f68f2bbd54e,3dd5c80d-e109-4313-8c61-41648e33704f,610,Accounts Receivable,CURRENT,,275.0,0.0,275.0,,,,
3c10bdb4-b3a2-4c0c-86bb-5a9ce257b44f,402,/Date(1761955200000+0000)/,7ef86cd5-cdd4-497e-91f5-1268058e0667,66e60a82-99d8-47d1-956b-5baea404acba,820,GST,CURRLIAB,,-25.0,0.0,-25.0,,,,
36af2e03-2006-4807-8d63-8d18d1792920,403,/Date(1761955200000+0000)/,8acb2818-a28a-4f26-afb2-6dc08323f93b,8ab9d684-f897-4168-b5d1-2279bf74bb82,453,Office Expenses,EXPENSE,,1085.0,108.5,1193.5,,,,
36af2e03-2006-4807-8d63-8d18d1792920,403,/Date(1761955200000+0000)/,a58c736d-f0fd-4587-bf47-b4c38775fb9e,66e60a82-99d8-47d1-956b-5baea404acba,820,GST,CURRLIAB,,108.5,0.0,108.5,,,,
36af2e03-2006-4807-8d63-8d18d1792920,403,/Date(1761955200000+0000)/,32525844-3939-4339-b7ef-7ef7e801c8d2,8e9c5166-d3fe-4e21-827a-f42753568e80,800,Accounts Payable,CURRLIAB,,-1193.5,0.0,-1193.5,,,,
87ca50b5-01c3-4b65-a1a1-91856e178d1b,404,/Date(1761955200000+0000)/,7d5454eb-1e1b-450a-b888-236c83588e5d,66e60a82-99d8-47d1-956b-5baea404acba,820,GST,CURRLIAB,,35.0,0.0,35.0,,,,
87ca50b5-01c3-4b65-a1a1-91856e178d1b,404,/Date(1761955200000+0000)/,7f0bfae9-c140-4640-a12a-3c6865abacb7,42a56c1a-6141-4bf2-913d-916dc1a35cfd,445,"Light, Power, Heating",EXPENSE,,350.0,35.0,385.0,,,,
87ca50b5-01c3-4b65-a1a1-91856e178d1b,404,/Date(1761955200000+0000)/,fc020d22-0224-4963-905e-d02c75dfbbed,8e9c5166-d3fe-4e21-827a-f42753568e80,800,Accounts Payable,CURRLIAB,,-385.0,0.0,-385.0,,,,
1b8a4abb-5f01-4741-a006-233473043e46,405,/Date(1762041600000+0000)/,f89a86df-cdc4-4b4e-b01b-fcab8322912d,e2bacdc6-2006-43c2-a5da-3c0e5f43b452,200,Sales,REVENUE,,500.0,50.0,550.0,,,,
1b8a4abb-5f01-4741-a006-233473043e46,405,/Date(1762041600000+0000)/,b3dd4c30-a27a-425a-b70b-b478efc5c31a,3dd5c80d-e109-4313-8c61-41648e33704f,610,Accounts Receivable,CURRENT,,-550.0,0.0,-550.0,,,,
1b8a4abb-5f01-4741-a006-233473043e46,405,/Date(1762041600000+0000)/,616c24e6-1eeb-4e66-87c0-1eef52b0e32c,66e60a82-99d8-47d1-956b-5baea404acba,820,GST,CURRLIAB,,50.0,0.0,50.0,,,,
55075680-175e-4fd2-805a-2577756974e1,406,/Date(1762041600000+0000)/,a8e5bb76-7e01-4d74-b2ca-91e55df1f8ac,e2bacdc6-2006-43c2-a5da-3c0e5f43b452,200,Sales,REVENUE,,-500.0,-50.0,-550.0,,,,
55075680-175e-4fd2-805a-2577756974e1,406,/Date(1762041600000+0000)/,fbca4d1c-4aef-47e3-9360-0303c38f20b4,3dd5c80d-e109-4313-8c61-41648e33704f,610,Accounts Receivable,CURRENT,,550.0,0.0,550.0,,,,
55075680-175e-4fd2-805a-2577756974e1,406,/Date(1762041600000+0000)/,1f96c322-bfc1-47ae-949d-5c70e7e976d2,66e60a82-99d8-47d1-956b-5baea404acba,820,GST,CURRLIAB,,-50.0,0.0,-50.0,,,,
acf9188a-7d6d-4904-a3fc-5628a45a62d1,407,/Date(1762041600000+0000)/,a766eae8-0bdf-4dad-a19a-e9fd33f93dec,8ab9d684-f897-4168-b5d1-2279bf74bb82,453,Office Expenses,EXPENSE,,-199.0,-19.9,-218.9,,,,
acf9188a-7d6d-4904-a3fc-5628a45a62d1,407,/Date(1762041600000+0000)/,af39f74c-c3f7-43c6-a721-1644034a8793,66e60a82-99d8-47d1-956b-5baea404acba,820,GST,CURRLIAB,,-19.9,0.0,-19.9,,,,
acf9188a-7d6d-4904-a3fc-5628a45a62d1,407,/Date(1762041600000+0000)/,56632849-6b80-4b04-acf5-cbed9b5cc33a,8e9c5166-d3fe-4e21-827a-f42753568e80,800,Accounts Payable,CURRLIAB,,218.9,0.0,218.9,,,,
0c71ca47-12b8-4a29-852b-b5af2b1cb124,408,/Date(1762041600000+0000)/,744a9b25-322c-4826-8d94-f9f3bbcc40a3,8ab9d684-f897-4168-b5d1-2279bf74bb82,453,Office Expenses,EXPENSE,,45.45,4.55,50.0,,,,
0c71ca47-12b8-4a29-852b-b5af2b1cb124,408,/Date(1762041600000+0000)/,26de9a5b-5fd6-49cb-964c-66c22d65b252,13918178-849a-4823-9a31-57b7eac713d7,090,Business Bank Account,BANK,,-50.0,0.0,-50.0,,,,
0c71ca47-12b8-4a29-852b-b5af2b1cb124,408,/Date(1762041600000+0000)/,fb94adea-fc6a-4041-9c29-8041d189dd55,66e60a82-99d8-47d1-956b-5baea404acba,820,GST,CURRLIAB,,4.55,0.0,4.55,,,,
1c2b839b-c496-497e-acf1-eff689368645,409,/Date(1762041600000+0000)/,7d9d8797-52f8-447b-b9ae-788e56de8741,3dd5c80d-e109-4313-8c61-41648e33704f,610,Accounts Receivable,CURRENT,,550.0,0.0,550.0,,,,
1c2b839b-c496-497e-acf1-eff689368645,409,/Date(1762041600000+0000)/,2fc4e311-6ece-4b6c-8521-87e3fa46f8b5,3dd5c80d-e109-4313-8c61-41648e33704f,610,Accounts Receivable,CURRENT,,-550.0,0.0,-550.0,,,,
1c2b839b-c496-497e-acf1-eff689368645,409,/Date(1762041600000+0000)/,eafb6ee0-210f-46c8-bdb3-e4e6e96e3624,a94c9633-aeb1-4b13-a96b-7998d887b770,877,Tracking Transfers,CURRLIAB,,550.0,0.0,550.0,,,,
1c2b839b-c496-497e-acf1-eff689368645,409,/Date(1762041600000+0000)/,2c4728c4-63e2-4bb7-8777-1028cf8c392e,a94c9633-aeb1-4b13-a96b-7998d887b770,877,Tracking Transfers,CURRLIAB,,-550.0,0.0,-550.0,,,,
ed932863-fe59-42f7-9d33-5cbedf2548ff,410,/Date(1762214400000+0000)/,bf8a680f-a2ba-4a61-9e8a-50e3e2645ee2,13918178-849a-4823-9a31-57b7eac713d7,090,Business Bank Account,BANK,,-1938.0,0.0,-1938.0,,,,
ed932863-fe59-42f7-9d33-5cbedf2548ff,410,/Date(1762214400000+0000)/,046ba5d1-8ca8-40c6-95d5-3e05fb1f8a1b,53bee866-8d31-4669-bd62-69026afcc86d,505,Income Tax Expense,EXPENSE,,-562.0,0.0,-562.0,,,,
ed932863-fe59-42f7-9d33-5cbedf2548ff,410,/Date(1762214400000+0000)/,d6235d06-7533-4bde-b899-fd391978a804,c4f12f09-846e-4f6f-b39c-dff3be3e49a7,477,Wages and Salaries,EXPENSE,,2500.0,0.0,2500.0,,,,
1b303af4-0e7e-4799-a21b-7bff42296949,411,/Date(1762214400000+0000)/,72571aae-11dc-4352-82ec-a6d79584511e,13918178-849a-4823-9a31-57b7eac713d7,090,Business Bank Account,BANK,,1938.0,0.0,1938.0,,,,
1b303af4-0e7e-4799-a21b-7bff42296949,411,/Date(1762214400000+0000)/,6c84eb81-5664-4522-92e4-289d8d674770,53bee866-8d31-4669-bd62-69026afcc86d,505,Income Tax Expense,EXPENSE,,562.0,0.0,562.0,,,,
1b303af4-0e7e-4799-a21b-7bff42296949,411,/Date(1762214400000+0000)/,f7721db5-9a2c-47a9-9b5b-b44cb89b8e89,c4f12f09-846e-4f6f-b39c-dff3be3e49a7,477,Wages and Salaries,EXPENSE,,-2500.0,0.0,-2500.0,,,,
1b2417d3-d85d-49ae-91f2-97ecc44cd90f,412,/Date(1762214400000+0000)/,86bc1704-cd84-4226-9854-6b5e742878c1,13918178-849a-4823-9a31-57b7eac713d7,090,Business Bank Account,BANK,,-1860.0,0.0,-1860.0,,,,
1b2417d3-d85d-49ae-91f2-97ecc44cd90f,412,/Date(1762214400000+0000)/,8ae4c520-1e79-49b6-b601-862fe0709a44,4d111d55-1c71-46b4-8cbc-d8b54d8d54c5,825,PAYG Withholdings Payable,CURRLIAB,,-540.0,0.0,-540.0,,,,
1b2417d3-d85d-49ae-91f2-97ecc44cd90f,412,/Date(1762214400000+0000)/,57779a85-d96f-495a-8a53-b57e05a755fb,c4f12f09-846e-4f6f-b39c-dff3be3e49a7,477,Wages and Salaries,EXPENSE,,2400.0,0.0,2400.0,,,,
09e135ae-b314-4082-a133-cb17cad56641,413,/Date(1762214400000+0000)/,db980a5e-5b89-4b27-b3ad-db0c9216fc6d,13918178-849a-4823-9a31-57b7eac713d7,090,Business Bank Account,BANK,,-1938.0,0.0,-1938.0,,,,
09e135ae-b314-4082-a133-cb17cad56641,413,/Date(1762214400000+0000)/,c299c9e2-a359-4290-b46e-3c61288d5372,4d111d55-1c71-46b4-8cbc-d8b54d8d54c5,825,PAYG Withholdings Payable,CURRLIAB,,-562.0,0.0,-562.0,,,,
09e135ae-b314-4082-a133-cb17cad56641,413,/Date(1762214400000+0000)/,749748e5-35ea-4872-a876-bbbc4700fd2c,c4f12f09-846e-4f6f-b39c-dff3be3e49a7,477,Wages and Salaries,EXPENSE,,2500.0,0.0,2500.0,,,,
0f6b8206-650e-4d76-bc9b-f94b3cc14bc0,414,/Date(1762214400000+0000)/,25e0ca9f-13a6-45af-bfbe-072ba90114d4,13918178-849a-4823-9a31-57b7eac713d7,090,Business Bank Account,BANK,,-1395.0,0.0,-1395.0,,,,
0f6b8206-650e-4d76-bc9b-f94b3cc14bc0,414,/Date(1762214400000+0000)/,9864b2bd-e6cb-4c12-88b2-80eb8d5a1b0d,4d111d55-1c71-46b4-8cbc-d8b54d8d54c5,825,PAYG Withholdings Payable,CURRLIAB,,-405.0,0.0,-405.0,,,,
0f6b8206-650e-4d76-bc9b-f94b3cc14bc0,414,/Date(1762214400000+0000)/,9ff1981c-5f5d-4db8-b55a-0c3098921c92,c4f12f09-846e-4f6f-b39c-dff3be3e49a7,477,Wages and Salaries,EXPENSE,,1800.0,0.0,1800.0,,,,
7eacfca4-02bc-49a2-b2f8-fa20bcd1a021,415,/Date(1762300800000+0000)/,d4d34fdf-3b88-4e61-be51-1868d41cc78d,66e60a82-99d8-47d1-956b-5baea404acba,820,GST,CURRLIAB,,3.25,0.0,3.25,,,,
7eacfca4-02bc-49a2-b2f8-fa20bcd1a021,415,/Date(1762300800000+0000)/,4d1eb855-330f-4194-bd43-c719ff8d6593,266f40cc-5aa1-4f6c-b078-eb615171d6de,489,Telephone & Internet,EXPENSE,,32.5,3.25,35.75,,,,
7eacfca4-02bc-49a2-b2f8-fa20bcd1a021,415,/Date(1762300800000+0000)/,1713cabc-b97e-4d6c-abf3-694e6c8ee47a,8e9c5166-d3fe-4e21-827a-f42753568e80,800,Accounts Payable,CURRLIAB,,-35.75,0.0,-35.75,,,,
006877eb-b9da-437e-aa04-a4101152f508,416,/Date(1762387200000+0000)/,82414f88-533d-4c92-8506-7585b7226964,8ab9d684-f897-4168-b5d1-2279bf74bb82,453,Office Expenses,EXPENSE,,16.82,1.68,18.5,,,,
006877eb-b9da-437e-aa04-a4101152f508,416,/Date(1762387200000+0000)/,24b5436a-3f1a-46f9-b0d5-5ebd36cf6a27,13918178-849a-4823-9a31-57b7eac713d7,090,Business Bank Account,BANK,,-18.5,0.0,-18.5,,,,
006877eb-b9da-437e-aa04-a4101152f508,416,/Date(1762387200000+0000)/,d22884c0-8af1-48d2-883a-e97dc9da196c,66e60a82-99d8-47d1-956b-5baea404acba,820,GST,CURRLIAB,,1.68,0.0,1.68,,,,
df8f93bb-f80b-4906-bdba-06b722cb5a7d,417,/Date(1762473600000+0000)/,50f1f261-7ba5-4fc5-840d-00f29eab129f,13918178-849a-4823-9a31-57b7eac713d7,090,Business Bank Account,BANK,,-974.6,0.0,-974.6,,,,
df8f93bb-f80b-4906-bdba-06b722cb5a7d,417,/Date(1762473600000+0000)/,8f3cdfce-1713-4d11-9f40-ebdb0e86ea2e,8e9c5166-d3fe-4e21-827a-f42753568e80,800,Accounts Payable,CURRLIAB,,974.6,0.0,974.6,,,,
4fc634ad-d417-44b6-9a29-127b4cb2d146,418,/Date(1762473600000+0000)/,d44f8acd-8f37-41f0-b831-357a2ab46d82,e2bacdc6-2006-43c2-a5da-3c0e5f43b452,200,Sales,REVENUE,,-5600.0,-560.0,-6160.0,,,,
4fc634ad-d417-44b6-9a29-127b4cb2d146,418,/Date(1762473600000+0000)/,800773b2-f675-4e37-9b49-478447be15bb,3dd5c80d-e109-4313-8c61-41648e33704f,610,Accounts Receivable,CURRENT,,6160.0,0.0,6160.0,,,,
4fc634ad-d417-44b6-9a29-127b4cb2d146,418,/Date(1762473600000+0000)/,cce75702-e5dd-4a55-874f-4dc1e9095df8,66e60a82-99d8-47d1-956b-5baea404acba,820,GST,CURRLIAB,,-560.0,0.0,-560.0,,,,
e73158f0-6dfb-42dc-9d8b-2a700408e08c,419,/Date(1762473600000+0000)/,4ac762d3-aaba-4a5a-939e-bb4e7ba98e7f,3dd5c80d-e109-4313-8c61-41648e33704f,610,Accounts Receivable,CURRENT,,-1485.0,0.0,-1485.0,,,,
e73158f0-6dfb-42dc-9d8b-2a700408e08c,419,/Date(1762473600000+0000)/,850f7432-1e04-4eb8-b374-6ddcdc90fbaf,13918178-849a-4823-9a31-57b7eac713d7,090,Business Bank Account,BANK,,1485.0,0.0,1485.0,,,,
58a9518f-3427-4f72-8f4f-33cad0977571,420,/Date(1762473600000+0000)/,4a99e6ba-adb5-466c-a15b-36d5b2d5e5d2,13918178-849a-4823-9a31-57b7eac713d7,090,Business Bank Account,BANK,,-974.6,0.0,-974.6,,,,
58a9518f-3427-4f72-8f4f-33cad0977571,420,/Date(1762473600000+0000)/,63a8bf3a-77fc-475c-85d7-55853371395f,8e9c5166-d3fe-4e21-827a-f42753568e80,800,Accounts Payable,CURRLIAB,,974.6,0.0,974.6,,,,
715f7ff9-569a-49ef-a154-365524e4cc21,421,/Date(1762473600000+0000)/,a232d92d-b958-4cb1-ba11-378255b83870,3dd5c80d-e109-4313-8c61-41648e33704f,610,Accounts Receivable,CURRENT,,-275.0,0.0,-275.0,,,,
715f7ff9-569a-49ef-a154-365524e4cc21,421,/Date(1762473600000+0000)/,e9f76e5f-1212-4d30-8352-565bcdf89d07,13918178-849a-4823-9a31-57b7eac713d7,090,Business Bank Account,BANK,,275.0,0.0,275.0,,,,
b7fdb3d0-5e0f-42b6-ab9d-38db16d1db23,422,/Date(1762473600000+0000)/,e775e616-d344-40f5-a4fd-5b14ee73b6c9,a94c9633-aeb1-4b13-a96b-7998d887b770,877,Tracking Transfers,CURRLIAB,,-218.9,0.0,-218.9,,,,
b7fdb3d0-5e0f-42b6-ab9d-38db16d1db23,422,/Date(1762473600000+0000)/,8c464eb5-d6c6-44f2-a04d-2e27c2ed726c,a94c9633-aeb1-4b13-a96b-7998d887b770,877,Tracking Transfers,CURRLIAB,,218.9,0.0,218.9,,,,
b7fdb3d0-5e0f-42b6-ab9d-38db16d1db23,422,/Date(1762473600000+0000)/,96f45b0a-0af9-486a-90cd-367e89ccc2f0,8e9c5166-d3fe-4e21-827a-f42753568e80,800,Accounts Payable,CURRLIAB,,218.9,0.0,218.9,,,,
b7fdb3d0-5e0f-42b6-ab9d-38db16d1db23,422,/Date(1762473600000+0000)/,ab716cbb-be81-498e-b5d4-550f627a8010,8e9c5166-d3fe-4e21-827a-f42753568e80,800,Accounts Payable,CURRLIAB,,-218.9,0.0,-218.9,,,,
3f915e31-73a1-4849-8c96-3c1ebdffd03c,423,/Date(1762473600000+0000)/,95cfec3d-b58e-414b-84f3-365f38152ea6,3dd5c80d-e109-4313-8c61-41648e33704f,610,Accounts Receivable,CURRENT,,-850.0,0.0,-850.0,,,,
3f915e31-73a1-4849-8c96-3c1ebdffd03c,423,/Date(1762473600000+0000)/,9b40dca7-7e5f-4ccf-acd9-4baf9e362a5d,13918178-849a-4823-9a31-57b7eac713d7,090,Business Bank Account,BANK,,850.0,0.0,850.0,,,,
72fa8971-c066-4210-9c1a-3f71f79366b9,424,/Date(1762473600000+0000)/,5afd8392-c08b-4243-8592-1426b481d4a6,75bbcb81-6b3d-4ca9-8522-3b582cb5c21a,720,Computer Equipment,FIXED,,500.0,50.0,550.0,,,,
72fa8971-c066-4210-9c1a-3f71f79366b9,424,/Date(1762473600000+0000)/,45ca0e54-ccf5-46ec-ac1b-7fc92d47b02e,66e60a82-99d8-47d1-956b-5baea404acba,820,GST,CURRLIAB,,50.0,0.0,50.0,,,,
72fa8971-c066-4210-9c1a-3f71f79366b9,424,/Date(1762473600000+0000)/,c7683447-7782-4d82-a3ed-8e5aaa72b965,c11b84a9-e90a-4094-83d7-b8494d195ecc,801,Unpaid Expense Claims,CURRLIAB,,-550.0,0.0,-550.0,,,,
285f1d5a-7685-4b3a-9bfc-5350518798c7,425,/Date(1762473600000+0000)/,e9c426b9-56bc-41ff-9be3-b45434739207,13918178-849a-4823-9a31-57b7eac713d7,090,Business Bank Account,BANK,,974.6,0.0,974.6,,,,
285f1d5a-7685-4b3a-9bfc-5350518798c7,425,/Date(1762473600000+0000)/,8b907c2d-6be8-4127-9165-710cc3f73bfe,8e9c5166-d3fe-4e21-827a-f42753568e80,800,Accounts Payable,CURRLIAB,,-974.6,0.0,-974.6,,,,
21a49f89-0e32-450e-b5be-651efdbdc16e,426,/Date(1762473600000+0000)/,e55f7e5f-ac7e-4849-aa22-f9cd7e4a5573,e2bacdc6-2006-43c2-a5da-3c0e5f43b452,200,Sales,REVENUE,,-1050.0,-105.0,-1155.0,,,,
21a49f89-0e32-450e-b5be-651efdbdc16e,426,/Date(1762473600000+0000)/,01be9813-e6b0-4248-9924-9e6ed55766fb,3dd5c80d-e109-4313-8c61-41648e33704f,610,Accounts Receivable,CURRENT,,1155.0,0.0,1155.0,,,,
21a49f89-0e32-450e-b5be-651efdbdc16e,426,/Date(1762473600000+0000)/,1fcaaaf9-0284-46f2-a378-e6325c0f2d60,66e60a82-99d8-47d1-956b-5baea404acba,820,GST,CURRLIAB,,-105.0,0.0,-105.0,,,,
f1ae1ffd-0aa3-46a9-869d-6ce4692b94d9,427,/Date(1762473600000+0000)/,d47c1f1d-0b58-409a-a4b8-d98c24325d2d,8ab9d684-f897-4168-b5d1-2279bf74bb82,453,Office Expenses,EXPENSE,,69.0,6.9,75.9,,,,
f1ae1ffd-0aa3-46a9-869d-6ce4692b94d9,427,/Date(1762473600000+0000)/,d83cecc0-11f2-4381-88dd-bf86d5970e71,66e60a82-99d8-47d1-956b-5baea404acba,820,GST,CURRLIAB,,6.9,0.0,6.9,,,,
f1ae1ffd-0aa3-46a9-869d-6ce4692b94d9,427,/Date(1762473600000+0000)/,76270e79-475a-4bb6-9744-895703127f67,8e9c5166-d3fe-4e21-827a-f42753568e80,800,Accounts Payable,CURRLIAB,,-75.9,0.0,-75.9,,,,
d373cc87-9bdd-4cf4-9ffc-7d1b24efd948,428,/Date(1762473600000+0000)/,05ffeac3-7ee9-41ff-82c6-8ea5114260ae,c11b84a9-e90a-4094-83d7-b8494d195ecc,801,Unpaid Expense Claims,CURRLIAB,,550.0,0.0,550.0,,,,
d373cc87-9bdd-4cf4-9ffc-7d1b24efd948,428,/Date(1762473600000+0000)/,7ae9c2b8-0a97-499b-be13-0001ea9144e1,16e01c0e-4fbd-4488-b4c3-e399903306aa,881,Owner A Funds Introduced,CURRLIAB,,-550.0,0.0,-550.0,,,,
6a6c85eb-7dee-4fe4-afdc-9cfb913f2546,429,/Date(1762473600000+0000)/,11115c21-96ed-45a9-a0fb-25e6ffa20ee5,13918178-849a-4823-9a31-57b7eac713d7,090,Business Bank Account,BANK,,-45.0,0.0,-45.0,,,,
6a6c85eb-7dee-4fe4-afdc-9cfb913f2546,429,/Date(1762473600000+0000)/,c77e3083-dc2d-48bc-8574-ead638c07b82,66e60a82-99d8-47d1-956b-5baea404acba,820,GST,CURRLIAB,,4.09,0.0,4.09,,,,
6a6c85eb-7dee-4fe4-afdc-9cfb913f2546,429,/Date(1762473600000+0000)/,50dcbcd4-f69a-491b-a9ea-323ea2ba4e10,005f380d-4a9c-497f-b9d7-817f0f02790e,449,Motor Vehicle Expenses,EXPENSE,,40.91,4.09,45.0,,,,
1c110c24-d3dd-458b-b626-c8f4afc9f111,430,/Date(1762473600000+0000)/,03e07e46-a77d-4ed6-95c6-f8d0e2a9f5c8,e2bacdc6-2006-43c2-a5da-3c0e5f43b452,200,Sales,REVENUE,,-1360.0,-136.0,-1496.0,,,,
1c110c24-d3dd-458b-b626-c8f4afc9f111,430,/Date(1762473600000+0000)/,f4ef16a6-6883-4a9c-a309-86c82937588a,3dd5c80d-e109-4313-8c61-41648e33704f,610,Accounts Receivable,CURRENT,,1496.0,0.0,1496.0,,,,
1c110c24-d3dd-458b-b626-c8f4afc9f111,430,/Date(1762473600000+0000)/,e4994ca5-27d9-43e6-9618-66f285cb8c9e,66e60a82-99d8-47d1-956b-5baea404acba,820,GST,CURRLIAB,,-136.0,0.0,-136.0,,,,
eacae8f5-df23-46f5-83db-6097979b1c69,431,/Date(1762473600000+0000)/,e9e58c6f-ac4a-4769-8a12-72921547e7a8,3dd5c80d-e109-4313-8c61-41648e33704f,610,Accounts Receivable,CURRENT,,850.0,0.0,850.0,,,,
eacae8f5-df23-46f5-83db-6097979b1c69,431,/Date(1762473600000+0000)/,d00f9f6d-2e41-41ad-8e78-f794e9af70b0,13918178-849a-4823-9a31-57b7eac713d7,090,Business Bank Account,BANK,,-850.0,0.0,-850.0,,,,
8294522b-40a6-4b7c-add0-0ff569624ed3,432,/Date(1762473600000+0000)/,ed1957d0-fd84-4134-adb4-16398a38de07,3dd5c80d-e109-4313-8c61-41648e33704f,610,Accounts Receivable,CURRENT,,-850.0,0.0,-850.0,,,,
8294522b-40a6-4b7c-add0-0ff569624ed3,432,/Date(1762473600000+0000)/,e8b7b5a4-cf0e-4937-861e-c134547bda92,13918178-849a-4823-9a31-57b7eac713d7,090,Business Bank Account,BANK,,850.0,0.0,850.0,,,,
6a5a12f0-beb0-4454-98a7-76281e379a2f,433,/Date(1762473600000+0000)/,1eb8adb9-6f7e-4399-b944-ffdd4085c937,c11b84a9-e90a-4094-83d7-b8494d195ecc,801,Unpaid Expense Claims,CURRLIAB,,-550.0,0.0,-550.0,,,,
6a5a12f0-beb0-4454-98a7-76281e379a2f,433,/Date(1762473600000+0000)/,1d7ac1f7-82a6-4c26-bd1b-dfb13a631e54,16e01c0e-4fbd-4488-b4c3-e399903306aa,881,Owner A Funds Introduced,CURRLIAB,,550.0,0.0,550.0,,,,
f594d3ee-286f-45fe-8b94-3d1ad6265170,434,/Date(1762473600000+0000)/,ba5c99bf-59da-48f2-847a-b73870fc723a,75bbcb81-6b3d-4ca9-8522-3b582cb5c21a,720,Computer Equipment,FIXED,,-500.0,-50.0,-550.0,,,,
f594d3ee-286f-45fe-8b94-3d1ad6265170,434,/Date(1762473600000+0000)/,3282c897-e78d-41b7-874e-0fa82590b518,66e60a82-99d8-47d1-956b-5baea404acba,820,GST,CURRLIAB,,-50.0,0.0,-50.0,,,,
f594d3ee-286f-45fe-8b94-3d1ad6265170,434,/Date(1762473600000+0000)/,cf95b0de-e12b-46f0-b66a-6660be7aa4bd,c11b84a9-e90a-4094-83d7-b8494d195ecc,801,Unpaid Expense Claims,CURRLIAB,,550.0,0.0,550.0,,,,
4b1a91c7-b341-4733-98de-87f5de090bee,435,/Date(1762905600000+0000)/,6daf30df-8db2-4097-9826-66b5e24ea4b6,3dd5c80d-e109-4313-8c61-41648e33704f,610,Accounts Receivable,CURRENT,,-1155.0,0.0,-1155.0,,,,
4b1a91c7-b341-4733-98de-87f5de090bee,435,/Date(1762905600000+0000)/,fcc0b66c-3f79-4374-a863-95b59198944b,13918178-849a-4823-9a31-57b7eac713d7,090,Business Bank Account,BANK,,1155.0,0.0,1155.0,,,,
9f0620a7-8b2c-4fff-8d40-a6c8e1aa5c5d,436,/Date(1763164800000+0000)/,eda48f25-e218-4068-b813-395674505e78,d392fe47-c99d-499e-a200-46709dd6b6e7,400,Advertising,EXPENSE,,12.0,1.2,13.2,,,,
9f0620a7-8b2c-4fff-8d40-a6c8e1aa5c5d,436,/Date(1763164800000+0000)/,0268a0ad-683e-4b91-a6f6-857c6f4e6cbf,13918178-849a-4823-9a31-57b7eac713d7,090,Business Bank Account,BANK,,-13.2,0.0,-13.2,,,,
9f0620a7-8b2c-4fff-8d40-a6c8e1aa5c5d,436,/Date(1763164800000+0000)/,c1238254-ce8c-4c26-a72a-57e69ba2349f,66e60a82-99d8-47d1-956b-5baea404acba,820,GST,CURRLIAB,,1.2,0.0,1.2,,,,
e410026a-88a7-4e6d-b63d-9480f9c749dc,437,/Date(1763337600000+0000)/,1191af20-dd01-4edb-89f9-2d0cff4fb3ab,e2bacdc6-2006-43c2-a5da-3c0e5f43b452,200,Sales,REVENUE,,-600.0,-60.0,-660.0,,,,
e410026a-88a7-4e6d-b63d-9480f9c749dc,437,/Date(1763337600000+0000)/,aa8b6384-c4d2-49e7-9ed8-d3319d98b9a4,3dd5c80d-e109-4313-8c61-41648e33704f,610,Accounts Receivable,CURRENT,,660.0,0.0,660.0,,,,
e410026a-88a7-4e6d-b63d-9480f9c749dc,437,/Date(1763337600000+0000)/,deb68378-113d-4703-8bc2-b96162e026dc,66e60a82-99d8-47d1-956b-5baea404acba,820,GST,CURRLIAB,,-60.0,0.0,-60.0,,,,
25a1ea87-2427-4284-80eb-d30dadb659e4,438,/Date(1763337600000+0000)/,eecaea22-e377-4e2f-920a-ae17b4da3ced,e2bacdc6-2006-43c2-a5da-3c0e5f43b452,200,Sales,REVENUE,,24.0,2.4,26.4,,,,
25a1ea87-2427-4284-80eb-d30dadb659e4,438,/Date(1763337600000+0000)/,be08a35e-37b1-41fd-89c6-66e249e6645f,3dd5c80d-e109-4313-8c61-41648e33704f,610,Accounts Receivable,CURRENT,,-26.4,0.0,-26.4,,,,
25a1ea87-2427-4284-80eb-d30dadb659e4,438,/Date(1763337600000+0000)/,c5a0f850-065d-43ed-b520-eb510a024d14,66e60a82-99d8-47d1-956b-5baea404acba,820,GST,CURRLIAB,,2.4,0.0,2.4,,,,
07a446e3-b3f6-4e01-a0d1-90abd9999a84,439,/Date(1763337600000+0000)/,bcaae188-0b39-4406-9650-950c160533c6,e2bacdc6-2006-43c2-a5da-3c0e5f43b452,200,Sales,REVENUE,,600.0,60.0,660.0,,,,
07a446e3-b3f6-4e01-a0d1-90abd9999a84,439,/Date(1763337600000+0000)/,823e3a10-b27c-4ed2-bba1-44ef4e84f283,3dd5c80d-e109-4313-8c61-41648e33704f,610,Accounts Receivable,CURRENT,,-660.0,0.0,-660.0,,,,
07a446e3-b3f6-4e01-a0d1-90abd9999a84,439,/Date(1763337600000+0000)/,6eefbca3-8959-4227-8d70-945c129c7881,66e60a82-99d8-47d1-956b-5baea404acba,820,GST,CURRLIAB,,60.0,0.0,60.0,,,,
ef100efa-3359-4ae3-b8bf-6eb3fa26397b,440,/Date(1763337600000+0000)/,6a3ee691-be07-4dc4-b331-6a299af7d500,e2bacdc6-2006-43c2-a5da-3c0e5f43b452,200,Sales,REVENUE,Project management & implementation - website revamp workshop with your team to incorporate new brand and mission statement,-600.0,-60.0,-660.0,,,,
ef100efa-3359-4ae3-b8bf-6eb3fa26397b,440,/Date(1763337600000+0000)/,5c2492c3-90d6-44a9-89d5-0f2b9a71cec6,3dd5c80d-e109-4313-8c61-41648e33704f,610,Accounts Receivable,CURRENT,,660.0,0.0,660.0,,,,
ef100efa-3359-4ae3-b8bf-6eb3fa26397b,440,/Date(1763337600000+0000)/,479948d0-9172-49dd-91fc-d389098b1b75,66e60a82-99d8-47d1-956b-5baea404acba,820,GST,CURRLIAB,,-60.0,0.0,-60.0,,,,
cdb8358b-8cf3-4e4b-92d9-119207c7ea83,441,/Date(1763424000000+0000)/,8d231e7a-80f0-48d1-a811-9ff75e9591e4,13918178-849a-4823-9a31-57b7eac713d7,090,Business Bank Account,BANK,,-1395.0,0.0,-1395.0,,,,
cdb8358b-8cf3-4e4b-92d9-119207c7ea83,441,/Date(1763424000000+0000)/,9958ffb3-b864-41dd-9d5a-78341b279824,4d111d55-1c71-46b4-8cbc-d8b54d8d54c5,825,PAYG Withholdings Payable,CURRLIAB,,-405.0,0.0,-405.0,,,,
cdb8358b-8cf3-4e4b-92d9-119207c7ea83,441,/Date(1763424000000+0000)/,46f18a7a-35b7-406a-91df-867f180a37db,c4f12f09-846e-4f6f-b39c-dff3be3e49a7,477,Wages and Salaries,EXPENSE,,1800.0,0.0,1800.0,,,,
4082b545-0896-4130-a846-13ee9a0b6f58,442,/Date(1763424000000+0000)/,3e753419-417d-455d-a2b9-e1da8f4c8326,3dd5c80d-e109-4313-8c61-41648e33704f,610,Accounts Receivable,CURRENT,,-6160.0,0.0,-6160.0,,,,
4082b545-0896-4130-a846-13ee9a0b6f58,442,/Date(1763424000000+0000)/,aea4612c-763c-4588-824c-6011b5cfbf1a,13918178-849a-4823-9a31-57b7eac713d7,090,Business Bank Account,BANK,,6160.0,0.0,6160.0,,,,
71b19ebd-c497-4ec4-bba3-1661815a6c4d,443,/Date(1763424000000+0000)/,33e6269b-a00c-465d-bb3a-4c48cb482d47,13918178-849a-4823-9a31-57b7eac713d7,090,Business Bank Account,BANK,,-75.9,0.0,-75.9,,,,
71b19ebd-c497-4ec4-bba3-1661815a6c4d,443,/Date(1763424000000+0000)/,13405e53-25a6-4434-97ca-c7451cbe4537,8e9c5166-d3fe-4e21-827a-f42753568e80,800,Accounts Payable,CURRLIAB,,75.9,0.0,75.9,,,,
f263b223-cc88-447f-b10f-18198d870200,444,/Date(1763424000000+0000)/,0078c306-453e-421f-a550-58c0d6cf4144,13918178-849a-4823-9a31-57b7eac713d7,090,Business Bank Account,BANK,,-1860.0,0.0,-1860.0,,,,
f263b223-cc88-447f-b10f-18198d870200,444,/Date(1763424000000+0000)/,9ce71dce-66f4-4fb1-b321-6cf898700e9c,4d111d55-1c71-46b4-8cbc-d8b54d8d54c5,825,PAYG Withholdings Payable,CURRLIAB,,-540.0,0.0,-540.0,,,,
f263b223-cc88-447f-b10f-18198d870200,444,/Date(1763424000000+0000)/,789a53ee-ffd6-4db3-a9df-31de74a45519,c4f12f09-846e-4f6f-b39c-dff3be3e49a7,477,Wages and Salaries,EXPENSE,,2400.0,0.0,2400.0,,,,
